{"stats":{"minecraft:used":{"minecraft:spruce_boat":1,"minecraft:wooden_axe":8,"minecraft:bread":3,"minecraft:wooden_pickaxe":2,"minecraft:spruce_sapling":1,"minecraft:dirt":3,"minecraft:crafting_table":3,"minecraft:blast_furnace":1},"minecraft:crafted":{"minecraft:crafting_table":2,"minecraft:spruce_planks":32,"minecraft:spruce_slab":12,"minecraft:stick":4,"minecraft:wooden_pickaxe":1,"minecraft:wooden_axe":1,"minecraft:spruce_boat":1,"minecraft:bread":18,"minecraft:wheat":54},"minecraft:picked_up":{"minecraft:tipped_arrow":1,"minecraft:stick":1,"minecraft:crafting_table":2,"minecraft:chicken":1,"minecraft:clay_ball":11,"minecraft:gravel":3,"minecraft:spruce_sapling":1,"minecraft:blast_furnace":2,"minecraft:spruce_log":8,"minecraft:dirt":10,"minecraft:bone":2,"minecraft:arrow":2,"minecraft:bow":1,"minecraft:hay_block":8,"minecraft:snowball":14},"minecraft:mined":{"minecraft:hay_block":8,"minecraft:ice":1,"minecraft:spruce_log":8,"minecraft:crafting_table":1,"minecraft:grass":1,"minecraft:blast_furnace":2,"minecraft:grass_block":3,"minecraft:gravel":1,"minecraft:dirt":3},"minecraft:killed":{"minecraft:stray":1},"minecraft:custom":{"minecraft:time_since_rest":10168,"minecraft:sprint_one_cm":30296,"minecraft:damage_taken":221,"minecraft:walk_one_cm":18838,"minecraft:mob_kills":1,"minecraft:damage_dealt":359,"minecraft:fly_one_cm":139336,"minecraft:interact_with_crafting_table":4,"minecraft:open_chest":1,"minecraft:crouch_one_cm":1406,"minecraft:play_time":10168,"minecraft:sneak_time":494,"minecraft:walk_under_water_one_cm":240,"minecraft:boat_one_cm":11555,"minecraft:jump":415,"minecraft:interact_with_blast_furnace":3,"minecraft:leave_game":1,"minecraft:walk_on_water_one_cm":40,"minecraft:time_since_death":10168,"minecraft:total_world_time":10168,"minecraft:fall_one_cm":9460}},"DataVersion":3465}