{"stats":{"minecraft:used":{"minecraft:dirt":6},"minecraft:picked_up":{"minecraft:bone":1,"minecraft:wheat_seeds":3,"minecraft:bow":1,"minecraft:dandelion":2,"minecraft:gravel":1,"minecraft:spruce_sapling":2,"minecraft:spruce_log":5,"minecraft:dirt":13},"minecraft:dropped":{"minecraft:wheat_seeds":3,"minecraft:bow":1,"minecraft:dandelion":1},"minecraft:mined":{"minecraft:grass":23,"minecraft:grass_block":12,"minecraft:dirt":2,"minecraft:spruce_leaves":3,"minecraft:spruce_log":6,"minecraft:dandelion":1},"minecraft:killed_by":{"minecraft:creeper":1,"minecraft:polar_bear":1,"minecraft:zombie":3},"minecraft:killed":{"minecraft:zombie":1,"minecraft:stray":1},"minecraft:custom":{"minecraft:time_since_rest":462,"minecraft:crouch_one_cm":426,"minecraft:play_time":17425,"minecraft:sprint_one_cm":36948,"minecraft:deaths":6,"minecraft:damage_taken":1540,"minecraft:walk_one_cm":61312,"minecraft:sneak_time":239,"minecraft:boat_one_cm":30563,"minecraft:walk_under_water_one_cm":73,"minecraft:mob_kills":2,"minecraft:drop":5,"minecraft:jump":178,"minecraft:damage_dealt":1487,"minecraft:interact_with_blast_furnace":1,"minecraft:leave_game":1,"minecraft:walk_on_water_one_cm":99,"minecraft:time_since_death":0,"minecraft:total_world_time":17425,"minecraft:fall_one_cm":3855,"minecraft:fly_one_cm":38909}},"DataVersion":3465}